{"version":1,"lastPerfBoundaries":[0.001,0.002,0.004,0.006,0.008,0.01,0.015,0.02,0.03,0.05,0.07,0.1,0.15,0.25,"+Inf"],"log":[{"ts":1746691778479,"type":"svBoot","duration":207},{"ts":1746691834872,"type":"data","players":0,"fxsMemory":426.06,"nodeMemory":30.15,"perf":{"svSync":{"count":29379,"sum":1.839999999999915,"buckets":[29348,10,3,5,4,2,5,0,1,0,0,0,1,0,0]},"svNetwork":{"count":23989,"sum":3.947999999999696,"buckets":[23898,29,18,7,14,5,13,1,3,1,0,0,0,0,0]},"svMain":{"count":1091,"sum":11.68599999999967,"buckets":[1043,29,13,2,0,0,2,1,0,0,0,0,0,0,1]}}}]}